{"regist_target_img_scalef": 0.1569366, "tissue_hires_scalef": 0.0523122, "tissue_lowres_scalef": 0.015693659, "fiducial_diameter_fullres": 383.46974346155724, "spot_diameter_fullres": 255.64649564103817}